<?xml version="1.0"?>
<metainfo>
	<schemaVersion>2.0</schemaVersion>
	<services>
		<service>
			<name>EDMHDPEF</name>
			<comment>EDM Hadoop Extraction Framework</comment>
			<version>0.0.1</version>
			<components>
				<component>
					<name>EDMHDPEF_SERVER</name>
					<category>MASTER</category>
					<commandScript>
						<script>scripts/edmhdpef_server.py</script>
						<scriptType>PYTHON</scriptType>
						<timeout>600</timeout>
					</commandScript>
				</component>
			</components>

			<osSpecifics>
				<osSpecific>
					<osType>any</osType>
				</osSpecific>
			</osSpecifics>

			<commandScript>
				<script>scripts/service_check.py</script>
				<scriptType>PYTHON</scriptType>
				<timeout>300</timeout>
			</commandScript>

			<configuration-dependencies>
				<config-type>edmhdpef.properties</config-type>
			</configuration-dependencies>

		</service>
	</services>
</metainfo>
