<?xml-stylesheet type="text/xsl" href="configuration.xsl"?>
<configuration>
	<property>
		<name>edmhdpef_user</name>
		<value>edmhdpef</value>
		<description>User for EdmHdpEF.</description>
	</property>
	<property>
		<name>edmhdpef_port</name>
		<value>12001</value>
		<description>Port for EdmHdpEF.</description>
	</property>
	<property>
		<name>edmhdpef_pid_dir</name>
		<value>/var/run/edmhdpef/</value>
		<description>PID dir for EdmHdpEF.</description>
	</property>
	<property>
		<name>edmhdpef.cluster.hive.libjars</name>
		<value>/usr/lib/hive/lib/hive-cli-0.13.1.2.1.11.0-891.jar,/usr/lib/hive/lib/hive-exec-0.13.1.2.1.11.0-891.jar,/usr/lib/hive/lib/hive-metastore-0.13.1.2.1.11.0-891.jar,/usr/lib/hive/lib/libfb303-0.9.0.jar,/usr/lib/hive/lib/libthrift-0.9.0.jar,/usr/lib/hive/lib/jdo-api-3.0.1.jar,/usr/lib/hive/lib/antlr-runtime-3.4.jar,/usr/lib/hive/lib/hive-metastore-0.13.1.2.1.11.0-891.jar,/usr/lib/hive/lib/commons-dbcp-1.4.jar,/usr/lib/hive/lib/commons-pool-1.5.4.jar,/usr/lib/hive/lib/datanucleus-api-jdo-3.2.6.jar,/usr/lib/hive/lib/datanucleus-core-3.2.10.jar,/usr/lib/hive/lib/datanucleus-rdbms-3.2.9.jar,/usr/lib/hive/lib/derby-10.10.1.1.jar
		</value>
		<description>Library jars for Hive in the cluster.</description>
	</property>
	<property>
		<name>hive.tmp.database</name>
		<value>tmp</value>
		<description>Name of the temporary database for Hive data extraction
			in the SRI type worflow.
		</description>
	</property>
	<property>
		<name>fs.defaultFS</name>
		<value>hdfs://dg1356:8020</value>
		<description>Namenode.</description>
	</property>
	<property>
		<name>dfs.client.use.datanode.hostname</name>
		<value>true</value>
		<description>Use hostname for the datanode.</description>
	</property>
	<property>
		<name>oozie.url</name>
		<value>http://dg1355:11000/oozie</value>
		<description>Oozie server URL.</description>
	</property>
	<property>
		<name>oozie.workflow.path</name>
		<value>/apps/edmhdpef/workflows</value>
		<description>Path to store Oozie workflows.</description>
	</property>
	<property>
		<name>oozie.user.name</name>
		<value>oozie</value>
		<description>User name for Oozie workflows.</description>
	</property>
	<property>
		<name>oozie.queueName</name>
		<value>default</value>
		<description>Queue name for Oozie workflows.</description>
	</property>
	<property>
		<name>oozie.nameNode</name>
		<value>hdfs://STANCDEV1TDH</value>
		<description>Name node for Oozie.</description>
	</property>
	<!-- oozie.jobTracker=dg1356:8050 -->
	<!-- hive.site.file=/apps/edmhdpef/conf/hive-site.xml -->
	<!-- tez.site.file=/apps/edmhdpef/conf/tez-site.xml -->

	<!-- teradata.libjars=lib/td/terajdbc4.jar,lib/td/tdgssconfig.jar -->
	<!-- teradata.tdch.jar=teradata-connector-1.3.4.jar -->
	<!-- teradata.tdch.insert.method=internal.fastload -->

	<!-- # Derby configuration -->
	<!-- db.driver.name=org.apache.derby.jdbc.EmbeddedDriver -->
	<!-- db.schema=edmhdpef.db -->
	<!-- db.connection.url=jdbc:derby:${db.schema} -->

	<!-- hibernate.show_sql=true -->

	<!-- hibernate.generate_statistics=true -->

	<!-- hibernate.hbm2ddl.auto=validate -->

	<!-- # c3p0 connection pool -->
	<!-- hibernate.c3p0.min_size=5 -->
	<!-- hibernate.c3p0.max_size=500 -->
	<!-- hibernate.c3p0.timeout=300 -->
	<!-- hibernate.c3p0.max_statements=500 -->
	<!-- hibernate.c3p0.idle_test_period=0 -->
</configuration>
