<?xml version="1.0" encoding="UTF-8" standalone="yes"?>
<workflowDefinitionVO>
    <dataTransferSpecification>
        <businessDayBehavior>LATEST</businessDayBehavior>
        <columns>
            <destination>rid</destination>
            <source>rowid</source>
        </columns>
        <columns>
            <destination>jt</destination>
            <source>c_journaltime</source>
        </columns>
        <columns>
            <destination>mno</destination>
            <source>masterno</source>
        </columns>
        <columns>
            <destination>limitno</destination>
            <source>limitno</source>
        </columns>
        <destinationDatabase>SCO03_LND_TB</destinationDatabase>
        <destinationTable>testtable</destinationTable>
        <sourceDatabase>bh_test_sri_open</sourceDatabase>
        <sourceTable>ebbs_bh_lmtlndt</sourceTable>
    </dataTransferSpecification>
    <description>Workflow for SRI</description>
    <destinationName>dev_td</destinationName>
    <name>workflowsribday3</name>
    <sourceName>devhive</sourceName>
    <type>HIVE_TO_TERADATA_TABLE_GROUP</type>
    <batchToPartitionDatabase>bh_test_storage</batchToPartitionDatabase>
</workflowDefinitionVO>