<?xml version="1.0" encoding="UTF-8"?>
<mappings xmlns="http://dozer.sourceforge.net" xmlns:xsi="http://www.w3.org/2001/XMLSchema-instance"
	xsi:schemaLocation="http://dozer.sourceforge.net http://dozer.sourceforge.net/schema/beanmapping.xsd">
	<mapping wildcard="true">
		<class-a>com.scb.edmhdpef.entity.EdmWorkflow</class-a>
		<class-b>com.scb.edmhdpef.vo.WorkflowDefinitionVO</class-b>
		<field>
			<a>source.name</a>
			<b>sourceName</b>
		</field>
		<field>
			<a>destination.name</a>
			<b>destinationName</b>
		</field>
		<field custom-converter="com.scb.edmhdpef.converters.PersistentMapToHashMap">
			<a>sourceOptions</a>
			<b>sourceOptions</b>
		</field>
		<field custom-converter="com.scb.edmhdpef.converters.PersistentMapToHashMap">
			<a>destinationOptions</a>
			<b>destinationOptions</b>
		</field>
	</mapping>
	<mapping wildcard="true">
		<class-a>com.scb.edmhdpef.entity.DataProcessing</class-a>
		<class-b>com.scb.edmhdpef.vo.DataProcessingVO</class-b>
		<field custom-converter="com.scb.edmhdpef.converters.PersistentMapToHashMap">
			<a>options</a>
			<b>options</b>
		</field>
	</mapping>
</mappings>